,PCODE,OPS,장타율,출루율
0,67341,0.815,0.441,0.374
1,67872,0.8,0.435,0.365
2,68050,0.8380000000000001,0.451,0.387
3,75847,0.813,0.441,0.372
4,76232,0.817,0.444,0.373
5,76290,0.808,0.437,0.371
6,78224,0.8069999999999999,0.442,0.365
7,78513,0.81,0.446,0.364
8,79192,0.758,0.417,0.341
9,79215,0.772,0.422,0.35
